"compte";"source";"monnaie ad";"monnaie"
"7MI3, R.4, 38";"p. 72 v [n° 52979, 1390-10-08]";15;"franc or"
"7MI3, R.4, 38";"p. 79 v [n° 52987, 1390-07-28]";15;"franc or"
"7MI3, R.4, 38";"p. 89 v [n° 52996, 1391-01-12]";15;"franc or"
"7MI3, R.4, 38";"p. 105 v [n° 53034, 1391-04-20]";16;"franc or"
"7MI3, R.4, 38";"p. 107 [n° 53055, 1391-06-01]";16;"franc or"
"7MI3, R.4, 38";"p. 109 [n° 53062, 1391-06-01]";15;"franc or"
"7MI3, R.4, 38";"p. 109 [n° 53063, 1391-06-01]";15;"franc or"
"7MI3, R.4, 38";"p. 148 [n° 53130, 1390-12-04]";15;"franc or"
"7MI3, R.4, 38";"p. 154 [n° 53212, 1392-01-17]";16;"franc or"
"7MI3, R.4, 38";"p. 166 [n° 53213, 1390-03-21]";16;"franc or"
"7MI3, R.3, 37.2(269)";"p. 301 v [n° 53234, 1389-09-11]";16;"franc or"
"1MI29, r.7, 70";"p. 70.26 [n° 53925, 1381-02-25]";16;"franc or"
"7 MI 3,  r. 11 et r. 12, 50";"p. 153 v [n° 57256, 1405-11-07]";16;"franc or reg"
"7 MI 3,  r. 11 et r. 12, 50";"p. 160 [n° 57284, 1405-04-19]";19;"franc or"
"7 MI 3,  r. 11 et r. 12, 50";"p. 160 [n° 57284, 1405-04-19]";22;"écus"
"7 MI 3,  r. 11 et r. 12, 50";"p. 161 v [n° 57292, 1405-06-20]";15;"franc or"
"7 MI 3,  r. 11 et r. 12, 50";"p. 166 v [n° 57313, 1406-11-07]";16;"franc or"
"7 MI 3,  r. 11 et r. 12, 50";"p. 177 v [n° 57365, 1405-11-27]";20;"écus"
"7 MI 3,  r. 11, R49";"p. 25 [n° 57388, 1404-01-13]";16;"franc or reg"
"7 MI 3,  r. 11, R49 bis";"p. 23 [n° 57390, 1402-12-10]";18,5;"écus"
"7 MI 3,  r. 14, 53";"p. 115 [n° 57425, 1405-02-09]";16;"franc or"
"7 MI 3,  r. 14, 53";"p. 115 v [n° 57426, 1405-02-09]";16;"franc or"
"7 MI 3,  r. 14, 53";"p. 115 v [n° 57427, 1405-02-09]";16;"franc or"
"7 MI 3,  r. 14, 53";"p. 152 [n° 57456, 1406-06-25]";16;"franc or"
"7 MI 3,  r. 15 et r. 16, 55";"p. 266 v [n° 57574, 1409-01-22]";16;"franc or"
"7 MI 3,  r. 15 et r. 16, 55";"p. 269 [n° 57585, 1409-10-31]";16;"franc or"
"7 MI 3,  r. 15 et r. 16, 55";"p. 269 [n° 57586, 1409-10-31]";16;"franc or"
"7 MI 3,  r. 15 et r. 16, 55";"p. 269 v [n° 57596, 1409-10-31]";16;"franc or"
"7 MI 3,  r. 15 et r. 16, 55";"p. 269 v [n° 57597, 1409-10-31]";16;"franc or"
"7 MI 3,  r. 15 et r. 16, 55";"p. 408 v [n° 57635, 1408-01-31]";16;"franc or"
"7 MI 3,  r. 16 et r. 17, 56";"p. 133 [n° 57801, 1408-10-07]";16;"franc or"
"7 MI 3,  r. 16 et r. 17, 56";"p. 136 v [n° 57810, 1410-02-09]";16;"franc or"
"7 MI 3,  r. 16 et r. 17, 56";"p. 137 [n° 57811, 1411-07-01]";16;"franc or"
"7 MI 3,  r. 16 et r. 17, 56";"p. 137 [n° 57812, 1411-07-11]";16;"franc or"
"7 MI 3,  r. 16 et r. 17, 56";"p. 137 [n° 57813, 1411-07-11]";16;"franc or"
"7 MI 3,  r. 16 et r. 17, 56";"p. 137 [n° 57814, 1411-07-11]";16;"franc or"
"7 MI 3,  r. 16 et r. 17, 56";"p. 137 [n° 57815, 1411-07-11]";16;"franc or"
"7 MI 3,  r. 16 et r. 17, 56";"p. 137 v [n° 57820, 1410-06-13]";16;"franc or"
"7 MI 3,  r. 16 et r. 17, 56";"p. 171 v [n° 57825, 1411-02-02]";16;"franc or"
"7 MI 3,  r. 16 et r. 17, 56";"p. 171 v [n° 57827, 1411-02-02]";15;"franc or"
"7 MI 3,  r. 16 et r. 17, 56";"p. 205 v [n° 57837, 1410-08-21]";16;"franc or"
"7 MI 3,  r. 17 et r. 18, 57";"p. 104 [n° 57941, 1412-03-29]";16;"franc or"
"7 MI 3,  r. 17 et r. 18, 57";"p. 104 [n° 57942, 1412-02-02]";16;"franc or"
"7 MI 3,  r. 17 et r. 18, 57";"p. 104 v [n° 57943, 1411-03-10]";16;"franc or"
"7 MI 3,  r. 17 et r. 18, 57";"p. 153 v [n° 57955, 1412-03-29]";19;"écus"
"7 MI 3,  r. 17 et r. 18, 57";"p. 182 v [n° 58037, 1412-08-03]";16;"franc or"
"7 MI 3,  r. 17 et r. 18, 57";"p. 192 [n° 58058, 1412-06-01]";16;"franc or"
"7 MI 3,  r. 18 et r. 19, 59";"p. 218 [n° 58072, 1412-10-28]";19;"écus"
"7 MI 3,  r. 18 et r. 19, 59";"p. 218 [n° 58073, 1412-10-28]";19;"écus"
"7 MI 3,  r. 18 et r. 19, 59";"p. 218 [n° 58075, 1412-10-28]";19;"écus"
"7 MI 3,  r. 18 et r. 19, 59";"p. 218 v [n° 58078, 1412-10-28]";19;"écus"
"7 MI 3,  r. 18 et r. 19, 59";"p. 218 v [n° 58079, 1412-12-01]";19;"écus"
"7 MI 3,  r. 18 et r. 19, 59";"p. 218 v [n° 58081, 1412-12-01]";19;"écus"
"7 MI 3,  r. 18 et r. 19, 59";"p. 218 v [n° 58082, 1412-12-01]";19;"écus"
"7 MI 3,  r. 18 et r. 19, 59";"p. 219 [n° 58085, 1412-12-13]";19;"écus"
"7 MI 3,  r. 18 et r. 19, 59";"p. 219 [n° 58087, 1412-12-13]";19;"écus"
"7 MI 3,  r. 18 et r. 19, 59";"p. 219 [n° 58090, 1412-12-13]";19;"écus"
"7 MI 3,  r. 18 et r. 19, 59";"p. 219 [n° 58091, pas de date]";19;"écus"
"7 MI 3,  r. 20, 60";"p. 296 v [n° 58244, 1414-04-19]";16;"franc or"
"7 MI 3,  r. 20, 60";"p. 300 v [n° 58246, 1414-06-08]";16;"franc or"
"7 MI 3,  r. 20, 60";"p. 306 [n° 58253, 1414-07-16]";16;"franc or"
"7 MI 3,  r. 20, 60";"p. 306 [n° 58254, 1414-07-16]";16;"franc or"
"7 MI 3,  r. 20, 60";"p. 306 [n° 58257, 1414-07-16]";16;"franc or"
"7 MI 3,  r. 21, r. 22, 61";"p. 314 v [n° 58290, 1416-04-15]";16;"franc or"
"7 MI 3,  r. 21, r. 22, 61";"p. 314 v [n° 58291, 1416-04-15]";16;"franc or"
"7 MI 3,  r. 21, r. 22, 61";"p. 317 v [n° 58309, 1414-04-01]";18;"écus"
"7 MI 3,  r. 21, r. 22, 61";"p. 317 v [n° 58311, 1414-04-01]";16;"franc or"
"7 MI 3,  r. 21, r. 22, 61";"p. 317 v [n° 58312, 1414-04-01]";18;"écus"
"7 MI 3,  r. 21, r. 22, 61";"p. 317 v [n° 58313, 1414-04-01]";18;"écus"
"7 MI 3,  r. 21, r. 22, 61";"p. 318 [n° 58316, 1414-11-19]";16;"franc or"
"7 MI 3,  r. 21, r. 22, 61";"p. 318 [n° 58317, 1416-06-02]";16;"franc or"
"7 MI 3,  r. 21, r. 22, 61";"p. 319 [n° 58321, 1416-06-02]";16;"franc or"
"7 MI 3,  r. 21, r. 22, 61";"p. 530 v [n° 58396, 1415-07-20]";16;"franc or"
"7 MI 3,  r. 21, r. 22, 61";"p. 541 [n° 58516, 1414-02-08]";18;"écus"
"7 MI 3,  r. 21, r. 22, 61";"p. 541 [n° 58517, 1414-02-08]";18;"écus"
"7 MI 3,  r. 21, r. 22, 61";"p. 541 [n° 58518, 1414-02-08]";18;"écus"
"7 MI 3,  r. 21, r. 22, 61";"p. 548 [n° 58560, 1415-01-04]";16;"franc or"
"7 MI 3,  r. 21, r. 22, 61";"p. 549 [n° 58561, 1415-01-04]";16;"franc or"
"7 MI 3,  r. 21, r. 22, 61";"p. 549 [n° 58562, 1415-01-04]";16;"franc or"
"7 MI 3,  r. 21, r. 22, 61";"p. 549 [n° 58563, 1415-01-04]";16;"franc or"
"7 MI 3,  r. 21, r. 22, 61";"p. 549 [n° 58566, 1415-01-04]";16;"franc or"
"7 MI 3,  r. 21, r. 22, 61";"p. 566 [n° 58594, 1415-04-03]";16;"franc or"
"7 MI 3,  r. 21, r. 22, 61";"p. 566 [n° 58595, 1415-04-22]";16;"franc or"
"7 MI 3,  r. 21, r. 22, 61";"p. 566 v [n° 58596, 1415-05-06]";19;"écus"
"7 MI 3,  r. 21, r. 22, 61";"p. 587 v [n° 58619, 1414-12-28]";16;"franc or"
"7 MI 3,  r. 21, r. 22, 61";"p. 589 [n° 58627, 1415-04-20]";19;"Ducat"
"7 MI 3,  r. 21, r. 22, 61";"p. 601 v [n° 58652, 1416-01-05]";18;"écus"
"7 MI 3,  r. 21, r. 22, 61";"p. 613 [n° 58668, 1416-04-06]";16;"franc or"
"7 MI 3,  r. 21, r. 22, 61";"p. 613 v [n° 58674, 1416-07-03]";16;"franc or"
"7 MI 3,  r. 23, 62";"p. 94 [n° 58713, 1416-07-13]";18;"écus"
"7 MI 3,  r. 23, 62";"p. 96 [n° 58722, 1416-12-31]";16;"franc or"
"7 MI 3,  r. 23, 62";"p. 135 [n° 58765, 1415-01-15]";16;"franc or"
"7 MI 3,  r. 23, 62";"p. 135 [n° 58766, 1415-01-15]";16;"franc or"
"7 MI 3,  r. 23, 62";"p. 135 [n° 58767, 1415-01-15]";16;"franc or"
"7 MI 3,  r. 23, 62";"p. 135 [n° 58768, 1415-01-15]";16;"franc or"
"7 MI 3,  r. 23, 63";"p. 61 v [n° 58772, 1417-06-12]";16;"franc or"
"7 MI 3,  r. 23, 63";"p. 61 v [n° 58772, 1417-06-12]";19;"écus"
"7 MI 3,  r. 23, 63";"p. 62 v [n° 58774, 1417-04-08]";18;"écus"
"7 MI 3,  r. 23, 63";"p. 104 [n° 58810, 1417-04-30]";16;"franc or"
"7 MI 3,  r. 23, 63";"p. 140 v [n° 58859, 1417-04-30]";16;"franc or"
"7 MI 3,  r. 23, 63";"p. 141 [n° 58860, 1417-07-15]";16;"franc or"
"7 MI 3,  r. 24, 64";"p. 201 [n° 58880, 1417-11-21]";16;"franc or"
"7 MI 3,  r. 24, 64";"p. 325 [n° 58906, 1418-12-03]";16;"franc or"
"7 MI 3,  r. 25 et r. 26, 65";"p. 176 v [n° 59275, 1419-06-29]";24;"écus"
"7 MI 3,  r. 25 et r. 26, 65";"p. 325 v [n° 59306, 1419-03-29]";16;"franc or"
"7 MI 3,  r. 26 et r. 27, 66";"p. 228 [n° 59325, 1419-11-17]";24;"écus"
"7 MI 3,  r. 26 et r. 27, 66";"p. 438 [n° 59376, 1420-04-01]";18;"écus"
"7 MI 3,  r. 31 et r. 32, 69";"p. 171 v [n° 59557, 1423-11-18]";20;"écus"
"7 MI 3,  r. 31 et r. 32, 69";"p. 171 v [n° 59558, 1423-11-18]";20;"écus"
"7 MI 3,  r. 31 et r. 32, 69";"p. 171 v [n° 59562, 1423-11-18]";20;"écus"
"7 MI 3, r. 10 et r. 11, 48";"p. 60 [n° 59631, 1403-02-09]";16;"franc or reg"
"7 MI 3, r. 10 et r. 11, 48";"p. 78 [n° 59654, 1402-09-10]";15;"franc or"
"7 MI 3, r. 10 et r. 11, 48";"p. 80 [n° 59657, 1401-04-22]";16;"franc or reg"
"7 MI 3, r. 10 et r. 11, 48";"p. 135 [n° 59692, 1402-11-05]";15;"franc or"
"7 MI 3, r. 10 et r. 11, 48";"p. 136 v [n° 59710, 1402-12-21]";16;"franc or"
"7 MI 3, r. 32, 70";"p. 138 v [n° 59845, 1425-04-15]";22;"écus"
"7 MI 3, r. 32, 70";"p. 141 v [n° 59868, 1425-02-15]";22;"écus"
"7 MI 3, r. 33 et 34, 71";"p. 344 v [n° 60040, 1425-10-28]";22;"écus"
"7 MI 3, r. 33 et 34, 71";"p. 344 v [n° 60041, 1425-10-28]";22;"écus"
"7 MI 3, r. 33 et 34, 71";"p. 344 v [n° 60042, 1425-10-28]";22;"écus"
"7 MI 3, r. 33 et 34, 71";"p. 345 [n° 60043, 1425-10-28]";22;"écus"
"7 MI 3, r. 33 et 34, 71";"p. 345 [n° 60044, 1425-10-28]";22;"écus"
"7 MI 3, r. 33 et 34, 71";"p. 345 [n° 60045, 1425-10-28]";22;"écus"
"7 MI 3, r. 33 et 34, 71";"p. 345 [n° 60047, 1425-10-28]";22;"écus"
"7 MI 3, r. 33 et 34, 71";"p. 345 [n° 60050, 1425-10-28]";22;"écus"
"7 MI 3, r. 33 et 34, 71";"p. 345 v [n° 60052, 1425-10-28]";22;"écus"
"7 MI 3, r. 33 et 34, 71";"p. 345 v [n° 60053, 1425-10-28]";22;"écus"
"7 MI 3, r. 33 et 34, 71";"p. 345 v [n° 60059, 1425-10-28]";22;"écus"
"7 MI 3, r. 33 et 34, 71";"p. 346 [n° 60078, 1426-01-01]";22;"écus"
"7 MI 3, r. 33 et 34, 71";"p. 346 [n° 60079, 1426-01-01]";22;"écus"
"7 MI 3, r. 33 et 34, 71";"p. 346 [n° 60080, 1426-01-01]";22;"écus"
"7 MI 3, r. 33 et 34, 71";"p. 357 [n° 60149, 1426-12-06]";21;"écus"
"7 MI 3, r. 33 et 34, 71";"p. 358 [n° 60160, 1426-04-01]";23;"écus"
"7 MI 3, r. 33 et 34, 71";"p. 358 v [n° 60162, 1426-04-01]";23;"écus"
"7 MI 3, r. 33 et 34, 71";"p. 361 v [n° 60182, 1424-09-09]";22;"écus"
"7 MI 3, r. 33 et 34, 71";"p. 362 [n° 60183, 1425-04-10]";22;"écus"
"7 MI 3, r. 35, 72";"p. 128 [n° 60319, 1426-11-28]";21;"écus"
"7 MI 3, r. 35, 72";"p. 129 [n° 60322, 1427-04-01]";22;"écus"
"7 MI 3, r. 35, 72";"p. 129 [n° 60323, 1427-04-01]";22;"écus"
"7 MI 3, r. 35, 72";"p. 129 [n° 60324, 1427-04-01]";22;"écus"
"7 MI 3, r. 35, 72";"p. 129 [n° 60325, 1427-04-01]";22;"écus"
"7 MI 3, r. 35, 72";"p. 129 [n° 60326, 1427-04-01]";22;"écus"
"7 MI 3, r. 35, 72";"p. 129 [n° 60327, 1427-04-01]";22;"écus"
"7 MI 3, r. 35, 72";"p. 129 [n° 60328, 1427-04-01]";22;"écus"
"7 MI 3, r. 35, 72";"p. 129 [n° 60329, 1427-04-01]";22;"écus"
"7 MI 3, r. 35, 72";"p. 129 [n° 60330, 1427-04-01]";22;"écus"
"7 MI 3, r. 35, 72";"p. 129 [n° 60331, 1427-04-01]";22;"écus"
"7 MI 3, r. 35, 72";"p. 129 [n° 60332, 1427-04-01]";22;"écus"
"7 MI 3, r. 35, 72";"p. 129 [n° 60333, 1427-04-01]";22;"écus"
"7 MI 3, r. 35, 72";"p. 129 [n° 60334, 1427-04-01]";22;"écus"
"7 MI 3, r. 35, 72";"p. 134 v [n° 60369, 1427-04-01]";21;"écus"
"7 MI 3, r. 35, 72";"p. 294 [n° 60418, 1427-02-27]";22;"écus"
"7 MI 3, r. 35, 72";"p. 297 [n° 60430, 1427-04-09]";22;"écus"
"7 MI 3, r. 35, 72";"p. 297 v [n° 60433, 1427-03-18]";22;"écus"
"7 MI 3, r. 35, 72";"p. 297 v [n° 60434, 1427-03-18]";22;"écus"
"7 MI 3, r. 35, 72";"p. 297 v [n° 60436, 1427-04-29]";22;"écus"
"7 MI 3, r. 35, 72";"p. 298 v [n° 60438, 1427-05-07]";22;"écus"
"7 MI 3, r. 35, 72";"p. 298 v [n° 60439, 1427-05-07]";21;"écus"
"7 MI 3, r. 35, 72";"p. 298 v [n° 60440, 1427-05-08]";22;"écus"
"7 MI 3, r. 35, 72";"p. 299 [n° 60442, 1427-05-08]";22;"écus"
"7 MI 3, r. 35, 72";"p. 299 [n° 60445, 1427-05-16]";22;"écus"
"7 MI 3, r. 35, 72";"p. 303 v [n° 60451, 1427-07-14]";21;"Ducat"
"7 MI 3, r. 36, R73";"p. 288 [n° 60546, 1428-03-05]";22;"écus"
"7 MI 3, r. 36, R73";"p. 288 [n° 60547, 1428-03-05]";22;"écus"
"7 MI 3, r. 36, R73";"p. 288 [n° 60548, 1428-03-05]";22;"écus"
"7 MI 3, r. 36, R73";"p. 324 [n° 60577, 1428-11-18]";20;"écus"
"7 MI 3, r. 36, 74";"p. 263 v [n° 60652, 1429-04-24]";19;"Ducat"
"7 MI 3, r. 36, 74";"p. 263 v [n° 60653, 1429-04-24]";19;"Ducat"
"7 MI 3, r. 36, 74";"p. 263 v [n° 60658, 1429-04-24]";19;"Ducat"
"7 MI 3, r. 4, r. 5, 39";"p. 109 v [n° 60728, 1392-02-23]";16;"franc or reg"
"7 MI 3, r. 4, r. 5, 39";"p. 125 v [n° 60729, 1391-09-30]";16;"franc or"
"7 MI 3, r. 4, r. 5, 39";"p. 125 v [n° 60730, 1391-09-30]";16;"franc or"
"7 MI 3, r. 4, r. 5, 39";"p. 126 [n° 60731, 1391-09-30]";16;"franc or"
"7 MI 3, r. 4, r. 5, 39";"p. 126 [n° 60732, 1391-09-30]";16;"franc or"
"7 MI 3, r. 4, r. 5, 39";"p. 126 [n° 60733, 1391-09-30]";16;"franc or"
"7 MI 3, r. 4, r. 5, 39";"p. 126 [n° 60734, 1391-09-30]";16;"franc or"
"7 MI 3, r. 4, r. 5, 39";"p. 126 [n° 60735, 1391-09-30]";16;"franc or"
"7 MI 3, r. 4, r. 5, 39";"p. 126 [n° 60739, 1391-09-30]";16;"franc or"
"7 MI 3, r. 4, r. 5, 39";"p. 130 [n° 60802, 1391-12-15]";12;"Florin d'or petit poids"
"7 MI 3, r. 4, r. 5, 39";"p. 138 [n° 60812, 1392-05-24]";16;"franc or"
"7 MI 3, r. 4, r. 5, 39";"p. 144 v [n° 60874, 1391-11-18]";16;"franc or reg"
"7 MI 3, r. 4, r. 5, 39";"p. 145 [n° 60880, 1391-10-01]";12;"Florin d'or petit poids"
"7 MI 3, r. 4, r. 5, 39";"p. 145 [n° 60881, 1391-10-01]";12;"Florin d'or petit poids"
"7 MI 3, r. 4, r. 5, 39";"p. 145 [n° 60882, 1391-10-01]";12;"Florin d'or petit poids"
"7 MI 3, r. 4, r. 5, 39";"p. 145 v [n° 60884, 1391-11-29]";12;"Florin d'or petit poids"
"7 MI 3, r. 4, r. 5, 39";"p. 145 v [n° 60885, 1391-11-29]";12;"Florin d'or petit poids"
"7 MI 3, r. 4, r. 5, 39";"p. 146 [n° 60887, 1391-12-01]";16;"franc or reg"
"7 MI 3, r. 4, r. 5, 39";"p. 146 [n° 60888, 1391-12-01]";16;"franc or reg"
"7 MI 3, r. 4, r. 5, 39";"p. 146 [n° 60891, 1392-04-10]";12;"Florin d'or petit poids"
"7 MI 3, r. 4, r. 5, 39";"p. 146 v [n° 60893, 1392-01-01]";16;"franc or reg"
"7 MI 3, r. 4, r. 5, 39";"p. 146 v [n° 60895, 1392-01-01]";16;"franc or"
"7 MI 3, r. 4, r. 5, 39";"p. 146 v [n° 60896, 1392-01-01]";12;"Florin d'or petit poids"
"7 MI 3, r. 4, r. 5, 39";"p. 155 [n° 60908, 1392-06-18]";16;"franc or"
"7 MI 3, r. 4, r. 5, 39";"p. 164 [n° 60992, 1392-07-31]";16;"franc or"
"7 MI 3, r. 4, r. 5, 39";"p. 164 v [n° 60993, 1392-07-31]";16;"franc or"
"7 MI 3, r. 4, r. 5, 39";"p. 166 v [n° 60996, 1391-06-08]";16;"franc or"
"7 MI 3, r. 4, r. 5, 39";"p. 167 [n° 60998, 1391-06-08]";16;"franc or"
"7 MI 3, r. 4, r. 5, 39";"p. 167 [n° 60999, 1391-06-08]";16;"franc or"
"7 MI 3, r. 4, r. 5, 39";"p. 167 v [n° 61002, 1392-02-11]";16;"franc or"
"7 MI 3, r. 4, r. 5, 39";"p. 167 v [n° 61003, 1392-04-14]";16;"franc or"
"7 MI 3, r. 4, r. 5, 39";"p. 167 v [n° 61004, 1392-04-14]";16;"franc or"
"7 MI 3, r. 4, r. 5, 39";"p. 167 v [n° 61006, 1392-04-26]";16;"franc or"
"7 MI 3, r. 4, r. 5, 39";"p. 168 v [n° 61009, 1391-09-01]";16;"franc or"
"7 MI 3, r. 4, r. 5, 39";"p. 168 v [n° 61011, 1391-09-01]";16;"franc or"
"7 MI 3, r. 4, r. 5, 39";"p. 169 [n° 61012, 1391-09-01]";16;"franc or"
"7 MI 3, r. 4, r. 5, 39";"p. 182 [n° 61046, 1392-12-01]";17;"franc or reg"
"7 MI 3, r. 4, r. 5, 39";"p. 182 [n° 61047, 1392-12-01]";17;"franc or reg"
"7 MI 3, r. 4, r. 5, 39";"p. 182 [n° 61048, 1392-12-01]";17;"franc or reg"
"7 MI 3, r. 4, r. 5, 39";"p. 182 [n° 61049, 1392-12-01]";16;"franc or reg"
"7 MI 3, r. 4, r. 5, 39";"p. 182 [n° 61050, 1392-12-01]";16;"franc or reg"
"7 MI 3, r. 4, r. 5, 39";"p. 182 v [n° 61054, 1392-11-03]";16;"franc or"
"7 MI 3, r. 4, r. 5, 39";"p. 186 [n° 61082, 1392-09-22]";16;"franc or"
"7 MI 3, r. 4, r. 5, 39";"p. 188 [n° 61087, 1392-11-06]";16;"franc or"
"7 MI 3, r. 4, r. 5, 39";"p. 189 [n° 61092, 1392-12-10]";16;"franc or"
"7 MI 3, r. 4, r. 5, 39";"p. 209 v [n° 61120, 1392-05-29]";15;"franc or"
"7 MI 3, r. 4, r. 5, 39";"p. 209 v [n° 61121, 1392-05-29]";15;"franc or"
"7 MI 3, r. 4, r. 5, 40";"p. 69 v [n° 61138, 1393-04-01]";15;"franc or reg"
"7 MI 3, r. 4, r. 5, 40";"p. 69 v [n° 61139, 1393-04-01]";16;"franc or reg"
"7 MI 3, r. 4, r. 5, 40";"p. 70 v [n° 61150, 1392-11-30]";15;"franc or reg"
"7 MI 3, r. 4, r. 5, 40";"p. 87 [n° 61167, 1394-03-23]";16;"franc or"
"7 MI 3, r. 4, r. 5, 40";"p. 92 [n° 61169, 1394-06-24]";15;"franc or"
"7 MI 3, r. 4, r. 5, 40";"p. 106 v [n° 61219, 1394-04-05]";15;"franc or"
"7 MI 3, r. 4, r. 5, 40";"p. 108 [n° 61230, 1392-02-20]";16;"franc or reg"
"7 MI 3, r. 6 et r. 7, R43";"p. 122 [n° 61231, 1398-09-23]";16;"franc or"
"7 MI 3, r. 6 et r. 7, R43";"p. 170 [n° 61236, 1395-10-09]";16;"franc or"
"7 MI 3, r. 6 et r. 7, R43";"p. 170 [n° 61238, 1395-10-25]";16;"franc or"
"7 MI 3, r. 6 et r. 7, R43";"p. 170 [n° 61239, 1395-03-24]";16;"franc or"
"7 MI 3, r. 6 et r. 7, R43";"p. 170 v [n° 61241, 1397-04-04]";16;"franc or"
"7 MI 3, r. 6 et r. 7, R43";"p. 170 v [n° 61242, 1397-05-15]";16;"franc or"
"7 MI 3, r. 6 et r. 7, R43";"p. 171 [n° 61243, 1397-09-20]";16;"franc or"
"7 MI 3, r. 6 et r. 7, R43";"p. 172 v [n° 61246, 1397-07-30]";16;"franc or"
"7 MI 3, r. 6 et r. 7, R43";"p. 173 v [n° 61249, 1399-07-26]";16;"franc or"
"7 MI 3, r. 6 et r. 7, R43";"p. 178 [n° 61251, 1399-05-30]";16;"franc or"
"7 MI 3, r. 6 et r. 7, R43";"p. 178 [n° 61252, 1399-05-30]";16;"franc or"
"7 MI 3, r. 6 et r. 7, R43";"p. 178 [n° 61253, 1399-05-30]";16;"franc or"
"7 MI 3, r. 6 et r. 7, R43";"p. 178 [n° 61254, 1399-05-30]";16;"franc or"
"7 MI 3, r. 6 et r. 7, R43";"p. 236 v [n° 61267, 1398-02-27]";16;"franc or"
"7 MI 3, r. 6 et r. 7, R43";"p. 239 v [n° 61268, 1398-06-06]";16;"franc or"
"7 MI 3, r. 6 et r. 7, R43";"p. 239 v [n° 61269, 1398-06-15]";16;"franc or"
"7 MI 3, r. 6 et r. 7, R43";"p. 239 v [n° 61270, 1398-06-15]";16;"franc or"
"7 MI 3, r. 6 et r. 7, R43";"p. 239 v [n° 61272, 1398-06-15]";16;"franc or"
"7 MI 3, r. 6 et r. 7, R43";"p. 239 v [n° 61273, 1398-06-15]";16;"franc or"
"7 MI 3, r. 6 et r. 7, R43";"p. 239 v [n° 61274, 1398-06-15]";16;"franc or"
"7 MI 3, r. 6 et r. 7, R43";"p. 240 [n° 61275, 1398-06-15]";16;"franc or"
"7 MI 3, r. 6 et r. 7, R43";"p. 240 [n° 61276, 1398-07-02]";16;"franc or"
"7 MI 3, r. 6 et r. 7, R43";"p. 240 [n° 61277, 1398-07-02]";16;"franc or"
"7 MI 3, r. 6 et r. 7, R43";"p. 240 [n° 61278, 1398-07-04]";16;"franc or"
"7 MI 3, r. 6 et r. 7, R43";"p. 240 [n° 61279, 1398-07-04]";16;"franc or"
"7 MI 3, r. 6 et r. 7, R43";"p. 240 [n° 61280, 1398-07-08]";16;"franc or"
"7 MI 3, r. 6 et r. 7, R43";"p. 240 [n° 61281, 1398-07-08]";16;"franc or"
"7 MI 3, r. 6 et r. 7, R43";"p. 240 v [n° 61283, 1398-07-04]";16;"franc or"
"7 MI 3, r. 6 et r. 7, R43";"p. 240 v [n° 61284, 1398-07-05]";16;"franc or"
"7 MI 3, r. 6 et r. 7, R43";"p. 240 v [n° 61285, 1398-07-05]";16;"franc or"
"7 MI 3, r. 6 et r. 7, R43";"p. 240 v [n° 61286, 1398-07-06]";16;"franc or"
"7 MI 3, r. 6 et r. 7, R43";"p. 240 v [n° 61287, 1398-07-06]";16;"franc or"
"7 MI 3, r. 6 et r. 7, R43";"p. 240 v [n° 61288, 1398-07-06]";16;"franc or"
"7 MI 3, r. 6 et r. 7, R43";"p. 240 v [n° 61289, 1398-07-06]";16;"franc or"
"7 MI 3, r. 6 et r. 7, R43";"p. 240 v [n° 61290, 1398-07-13]";16;"franc or"
"7 MI 3, r. 6 et r. 7, R43";"p. 240 v [n° 61291, 1398-07-13]";16;"franc or"
"7 MI 3, r. 6 et r. 7, R43";"p. 240 v [n° 61292, 1398-07-13]";16;"franc or"
"7 MI 3, r. 6 et r. 7, R43";"p. 241 [n° 61293, 1398-07-13]";16;"franc or"
"7 MI 3, r. 6 et r. 7, R43";"p. 241 [n° 61294, 1398-07-13]";16;"franc or"
"7 MI 3, r. 6 et r. 7, R43";"p. 241 [n° 61295, 1398-07-13]";16;"franc or"
"7 MI 3, r. 6 et r. 7, R43";"p. 241 [n° 61296, 1398-07-16]";16;"franc or"
"7 MI 3, r. 6 et r. 7, R43";"p. 241 [n° 61297, 1398-07-16]";16;"franc or"
"7 MI 3, r. 6 et r. 7, R43";"p. 241 [n° 61298, 1398-07-16]";16;"franc or"
"7 MI 3, r. 6 et r. 7, R43";"p. 241 [n° 61299, 1398-07-16]";16;"franc or"
"7 MI 3, r. 6 et r. 7, R43";"p. 241 v [n° 61300, 1398-07-16]";16;"franc or"
"7 MI 3, r. 6 et r. 7, R43";"p. 241 v [n° 61301, 1398-07-16]";16;"franc or"
"7 MI 3, r. 6 et r. 7, R43";"p. 241 v [n° 61302, 1398-07-16]";16;"franc or"
"7 MI 3, r. 6 et r. 7, R43";"p. 241 v [n° 61303, 1398-07-16]";16;"franc or"
"7 MI 3, r. 6 et r. 7, R43";"p. 241 v [n° 61304, 1398-07-16]";16;"franc or"
"7 MI 3, r. 6 et r. 7, R43";"p. 241 v [n° 61305, 1398-07-16]";16;"franc or"
"7 MI 3, r. 6 et r. 7, R43";"p. 241 v [n° 61306, 1398-07-16]";16;"franc or"
"7 MI 3, r. 6 et r. 7, R43";"p. 241 v [n° 61307, 1398-07-18]";16;"franc or"
"7 MI 3, r. 6 et r. 7, R43";"p. 241 v [n° 61308, 1398-07-18]";16;"franc or"
"7 MI 3, r. 6 et r. 7, R43";"p. 241 v [n° 61309, 1398-07-18]";16;"franc or"
"7 MI 3, r. 6 et r. 7, R43";"p. 241 v [n° 61311, 1398-07-18]";16;"franc or"
"7 MI 3, r. 6 et r. 7, R43";"p. 241 v [n° 61312, 1398-07-18]";16;"franc or"
"7 MI 3, r. 6 et r. 7, R43";"p. 241 v [n° 61313, 1398-07-18]";16;"franc or"
"7 MI 3, r. 6 et r. 7, R43";"p. 242 [n° 61325, 1398-07-18]";16;"franc or"
"7 MI 3, r. 6 et r. 7, R43";"p. 242 [n° 61326, 1398-07-18]";16;"franc or"
"7 MI 3, r. 6 et r. 7, R43";"p. 242 v [n° 61335, 1398-07-18]";16;"franc or"
"7 MI 3, r. 6 et r. 7, R43";"p. 242 v [n° 61336, 1398-07-18]";16;"franc or"
"7 MI 3, r. 6 et r. 7, R43";"p. 242 v [n° 61337, 1398-07-18]";16;"franc or"
"7 MI 3, r. 6 et r. 7, R43";"p. 242 v [n° 61338, 1398-07-18]";16;"franc or"
"7 MI 3, r. 6 et r. 7, R43";"p. 243 [n° 61339, 1398-07-17]";16;"franc or"
"7 MI 3, r. 6 et r. 7, R43";"p. 243 [n° 61340, 1398-07-17]";16;"franc or"
"7 MI 3, r. 6 et r. 7, R43";"p. 243 [n° 61341, 1398-07-17]";16;"franc or"
"7 MI 3, r. 6 et r. 7, R43";"p. 243 [n° 61343, 1398-07-17]";16;"franc or"
"7 MI 3, r. 6 et r. 7, R43";"p. 243 [n° 61344, 1398-07-17]";16;"franc or"
"7 MI 3, r. 6 et r. 7, R43";"p. 243 [n° 61345, 1398-07-17]";16;"franc or"
"7 MI 3, r. 6 et r. 7, R43";"p. 242 v. [n° 61346, 1398-07-17]";16;"franc or"
"7 MI 3, r. 6 et r. 7, R43";"p. 242 v. [n° 61347, 1398-07-17]";16;"franc or"
"7 MI 3, r. 6 et r. 7, R43";"p. 243 [n° 61348, 1398-07-17]";16;"franc or"
"7 MI 3, r. 6 et r. 7, R43";"p. 243 v [n° 61351, 1398-07-17]";16;"franc or"
"7 MI 3, r. 6 et r. 7, R43";"p. 243 v [n° 61352, 1398-07-17]";16;"franc or"
"7 MI 3, r. 6 et r. 7, R43";"p. 243 v [n° 61353, 1398-06-17]";16;"franc or"
"7 MI 3, r. 6 et r. 7, R43";"p. 244 [n° 61354, 1398-06-17]";16;"franc or"
"7 MI 3, r. 6 et r. 7, R43";"p. 244 [n° 61355, 1398-06-17]";16;"franc or"
"7 MI 3, r. 6 et r. 7, R43";"p. 244 [n° 61356, 1398-06-17]";16;"franc or"
"7 MI 3, r. 6 et r. 7, R43";"p. 244 [n° 61357, 1398-06-17]";16;"franc or"
"7 MI 3, r. 6 et r. 7, R43";"p. 244 [n° 61360, 1398-06-17]";16;"franc or"
"7 MI 3, r. 6 et r. 7, R43";"p. 244 [n° 61361, 1398-06-17]";16;"franc or"
"7 MI 3, r. 6 et r. 7, R43";"p. 244 [n° 61363, 1398-06-17]";16;"franc or"
"7 MI 3, r. 6 et r. 7, R43";"p. 244 [n° 61364, 1398-06-17]";16;"écus"
"7 MI 3, r. 6 et r. 7, R43";"p. 244 [n° 61365, 1398-06-17]";16;"franc or"
"7 MI 3, r. 6 et r. 7, R43";"p. 244 v [n° 61367, 1398-09-21]";16;"franc or"
"7 MI 3, r. 6 et r. 7, R43";"p. 245 [n° 61368, 1398-09-21]";16;"franc or"
"7 MI 3, r. 6 et r. 7, R43";"p. 245 [n° 61369, 1398-09-21]";16;"franc or"
"7 MI 3, r. 6 et r. 7, R43";"p. 246 [n° 61370, 1398-03-30]";16;"franc or"
"7 MI 3, r. 6 et r. 7, R43";"p. 246 [n° 61374, 1398-04-11]";16;"franc or"
"7 MI 3, r. 6 et r. 7, R43";"p. 246 [n° 61375, 1398-04-18]";16;"franc or"
"7 MI 3, r. 6 et r. 7, R43";"p. 246 [n° 61376, 1398-04-11]";16;"franc or"
"7 MI 3, r. 6 et r. 7, R43";"p. 246 [n° 61377, 1398-04-11]";16;"franc or"
"7 MI 3, r. 6 et r. 7, R43";"p. 246 [n° 61379, 1398-04-11]";16;"franc or"
"7 MI 3, r. 6 et r. 7, R43";"p. 246 [n° 61380, 1398-04-11]";16;"franc or"
"7 MI 3, r. 6 et r. 7, R43";"p. 246 [n° 61381, 1398-04-18]";16;"franc or"
"7 MI 3, r. 6 et r. 7, R43";"p. 247 [n° 61382, 1398-05-02]";16;"franc or"
"7 MI 3, r. 6 et r. 7, R43";"p. 247 [n° 61383, 1398-06-26]";16;"franc or"
"7 MI 3, r. 6 et r. 7, R43";"p. 247 [n° 61384, 1398-06-26]";16;"franc or"
"7 MI 3, r. 6 et r. 7, R43";"p. 247 [n° 61385, 1398-09-12]";16;"franc or"
"7 MI 3, r. 6 et r. 7, R43";"p. 247 [n° 61386, 1398-09-20]";16;"franc or"
"7 MI 3, r. 6 et r. 7, R43";"p. 247 [n° 61387, 1398-09-20]";16;"franc or"
"7 MI 3, r. 6 et r. 7, R43";"p. 247 [n° 61388, 1398-09-20]";16;"franc or"
"7 MI 3, r. 6 et r. 7, R43";"p. 247 [n° 61389, 1398-09-20]";16;"franc or"
"7 MI 3, r. 6 et r. 7, R43";"p. 249 [n° 61394, 1398-08-24]";16;"franc or"
"7 MI 3, r. 6 et r. 7, R43";"p. 249 [n° 61396, 1398-08-18]";15;"franc or"
"7 MI 3, r. 6 et r. 7, R43";"p. 247 [n° 61422, 1398-11-20]";15;"franc or"
"7 MI 3, r. 6 et r. 7, R43";"p. 254 [n° 61425, 1398-11-28]";18;"écus"
"7 MI 3, r. 6 et r. 7, R43";"p. 254 [n° 61426, 1398-11-28]";18;"écus"
"7 MI 3, r. 6 et r. 7, R43";"p. 255 [n° 61431, 1398-12-16]";16;"franc or"
"7 MI 3, r. 6 et r. 7, R43";"p. 255 [n° 61432, 1398-12-16]";18;"écus"
"7 MI 3, r. 6 et r. 7, R43";"p. 257 [n° 61436, 1399-01-26]";15;"franc or"
"7 MI 3, r. 6 et r. 7, R43";"p. 259 [n° 61439, 1399-02-14]";16;"franc or"
"7 MI 3, r. 6 et r. 7, R43";"p. 258 [n° 61440, 1399-02-14]";16;"franc or"
"7 MI 3, r. 6 et r. 7, R43";"p. 259 v [n° 61441, 1399-02-14]";16;"franc or"
"7 MI 3, r. 6 et r. 7, R43";"p. 259 v [n° 61442, 1399-02-14]";16;"franc or"
"7 MI 3, r. 6 et r. 7, R43";"p. 259 v [n° 61443, 1399-02-14]";16;"franc or"
"7 MI 3, r. 6 et r. 7, R43";"p. 259 v [n° 61444, 1399-02-14]";16;"franc or"
"7 MI 3, r. 6 et r. 7, R43";"p. 259 v [n° 61445, 1399-05-17]";16;"franc or"
"7 MI 3, r. 6 et r. 7, R43";"p. 259 v [n° 61446, 1399-05-17]";16;"franc or"
"7 MI 3, r. 6 et r. 7, R43";"p. 259 v [n° 61447, 1399-05-17]";16;"franc or"
"7 MI 3, r. 6 et r. 7, R43";"p. 259 v [n° 61448, 1399-05-17]";16;"franc or"
"7 MI 3, r. 6 et r. 7, R43";"p. 259 v [n° 61449, 1399-05-17]";16;"franc or"
"7 MI 3, r. 6 et r. 7, R43";"p. 260 [n° 61450, 1399-05-17]";16;"franc or"
"7 MI 3, r. 6 et r. 7, R43";"p. 260 [n° 61451, 1399-05-17]";16;"franc or"
"7 MI 3, r. 6 et r. 7, R43";"p. 260 [n° 61452, 1399-05-17]";16;"franc or"
"7 MI 3, r. 6 et r. 7, R43";"p. 260 [n° 61454, 1399-05-17]";16;"franc or"
"7 MI 3, r. 6 et r. 7, R43";"p. 260 [n° 61455, 1399-05-17]";16;"franc or"
"7 MI 3, r. 6 et r. 7, R43";"p. 260 [n° 61456, 1399-05-17]";16;"franc or"
"7 MI 3, r. 6 et r. 7, R43";"p. 260 [n° 61457, 1399-05-17]";16;"franc or"
"7 MI 3, r. 6 et r. 7, R43";"p. 260 [n° 61458, 1399-05-17]";16;"franc or"
"7 MI 3, r. 6 et r. 7, R43";"p. 260 [n° 61461, 1399-05-17]";16;"franc or"
"7 MI 3, r. 6 et r. 7, R43";"p. 260 [n° 61462, 1399-05-17]";16;"franc or"
"7 MI 3, r. 6 et r. 7, R43";"p. 260 v [n° 61465, 1399-05-17]";16;"franc or"
"7 MI 3, r. 6 et r. 7, R43";"p. 260 v [n° 61466, 1399-05-17]";16;"franc or"
"7 MI 3, r. 6 et r. 7, R43";"p. 260 v [n° 61467, 1399-05-17]";16;"franc or"
"7 MI 3, r. 6 et r. 7, R43";"p. 260 v [n° 61468, 1399-05-17]";16;"franc or"
"7 MI 3, r. 6 et r. 7, R43";"p. 260 v [n° 61469, 1399-05-17]";16;"franc or"
"7 MI 3, r. 6 et r. 7, R43";"p. 261 [n° 61470, 1399-02-15]";16;"franc or"
"7 MI 3, r. 6 et r. 7, R43";"p. 261 [n° 61471, 1399-04-29]";16;"franc or"
"7 MI 3, r. 6 et r. 7, R43";"p. 261 [n° 61472, 1399-02-15]";16;"franc or"
"7 MI 3, r. 6 et r. 7, R43";"p. 261 [n° 61473, 1399-02-15]";16;"franc or"
"7 MI 3, r. 6 et r. 7, R43";"p. 261v [n° 61474, 1399-02-10]";18;"écus"
"7 MI 3, r. 6 et r. 7, R43";"p. 261v [n° 61475, 1399-02-10]";18;"écus"
"7 MI 3, r. 6 et r. 7, R43";"p. 265 [n° 61485, 1399-04-30]";18;"écus"
"7 MI 3, r. 6 et r. 7, R43";"p. 267 [n° 61505, 1398-12-16]";16;"franc or"
"7 MI 3, r. 6 et r. 7, R43";"p. 267 [n° 61506, 1398-12-16]";18;"écus"
"7 MI 3, r. 6 et r. 7, R43";"p. 267 [n° 61506, 1398-12-16]";16;"franc or"
"7 MI 3, r. 6 et r. 7, R43";"p. 267 [n° 61509, 1399-07-07]";16;"franc or"
"7 MI 3, r. 6 et r. 7, R43";"p. 272 [n° 61514, 1399-07-15]";18;"écus"
"7 MI 3, r. 6 et r. 7, R43";"p. 272 [n° 61515, pas de date]";16;"franc or"
"7 MI 3, r. 6 et r. 7, R43";"p. 272 v [n° 61523, 1399-10-02]";16;"franc or"
"7 MI 3, r. 6 et r. 7, R43";"p. 273 [n° 61524, 1399-10-02]";16;"franc or"
"7 MI 3, r. 6 et r. 7, R43";"p. 273 v [n° 61525, 1399-10-02]";16;"franc or"
"7 MI 3, r. 6 et r. 7, R43";"p. 273 v [n° 61526, 1399-10-02]";16;"franc or"
"7 MI 3, r. 6 et r. 7, R43";"p. 274 [n° 61527, 1399-10-02]";16;"franc or"
"7 MI 3, r. 6 et r. 7, R43";"p. 274 [n° 61528, 1399-10-02]";16;"franc or"
"7 MI 3, r. 6 et r. 7, R43";"p. 274 [n° 61529, 1399-10-02]";16;"franc or"
"7 MI 3, r. 6 et r. 7, R43";"p. 274 [n° 61530, 1399-10-02]";16;"franc or"
"7 MI 3, r. 6 et r. 7, R43";"p. 274 [n° 61531, pas de date]";16;"franc or"
"7 MI 3, r. 6 et r. 7, R43";"p. 274 [n° 61532, 1399-10-02]";16;"franc or"
"7 MI 3, r. 6 et r. 7, R43";"p. 276 [n° 61533, 1398-05-08]";16;"franc or"
"7 MI 3, r. 6 et r. 7, R43";"p. 275 [n° 61534, 1398-05-15]";16;"franc or"
"7 MI 3, r. 6 et r. 7, R43";"p. 275 [n° 61535, 1398-05-15]";16;"franc or"
"7 MI 3, r. 6 et r. 7, R43";"p. 275 [n° 61536, 1398-05-15]";16;"franc or"
"7 MI 3, r. 6 et r. 7, R43";"p. 275 [n° 61537, 1398-05-15]";16;"franc or"
"7 MI 3, r. 6 et r. 7, R43";"p. 275 [n° 61538, 1398-05-15]";16;"franc or"
"7 MI 3, r. 6 et r. 7, R43";"p. 275 [n° 61539, 1398-05-15]";16;"franc or"
"7 MI 3, r. 6 et r. 7, R43";"p. 275 [n° 61540, 1398-12-15]";16;"franc or"
"7 MI 3, r. 6 et r. 7, R43";"p. 275 [n° 61541, 1398-12-15]";16;"franc or"
"7 MI 3, r. 6 et r. 7, R43";"p. 275 v [n° 61542, 1398-12-15]";16;"franc or"
"7 MI 3, r. 6 et r. 7, R43";"p. 275 v [n° 61543, 1398-12-15]";16;"franc or"
"7 MI 3, r. 6 et r. 7, R43";"p. 275 v [n° 61544, 1398-12-15]";16;"franc or"
"7 MI 3, r. 6 et r. 7, R43";"p. 275 v [n° 61545, 1398-12-15]";16;"franc or"
"7 MI 3, r. 6 et r. 7, R43";"p. 275 v [n° 61546, 1398-12-15]";16;"franc or"
"7 MI 3, r. 6 et r. 7, R43";"p. 275 v [n° 61548, 1398-12-15]";16;"franc or"
"7 MI 3, r. 6 et r. 7, R43";"p. 275 v [n° 61549, 1398-12-15]";16;"franc or"
"7 MI 3, r. 6 et r. 7, R43";"p. 276 [n° 61550, 1398-12-15]";16;"franc or"
"7 MI 3, r. 6 et r. 7, R43";"p. 276 [n° 61551, 1398-12-15]";16;"franc or"
"7 MI 3, r. 6 et r. 7, R43";"p. 278 v [n° 61568, 1399-08-10]";16;"franc or"
"7 MI 3, r. 6 et r. 7, R43";"p. 278 v [n° 61569, 1399-08-10]";18;"écus"
"7 MI 3, r. 6 et r. 7, R43";"p. 284 [n° 61591, 1399-11-30]";16;"franc or"
"7 MI 3, r. 6 et r. 7, R43";"p. 284 [n° 61592, 1399-11-30]";16;"franc or"
"7 MI 3, r. 6 et r. 7, R43";"p. 284 v [n° 61594, 1399-11-30]";16;"franc or"
"7 MI 3, r. 6 et r. 7, R43";"p. 284 v [n° 61595, 1399-11-30]";16;"franc or"
"7 MI 3, r. 6 et r. 7, R43";"p. 287 v [n° 61606, 1399-12-10]";16;"franc or"
"7 MI 3, r. 6 et r. 7, R43";"p. 288 v [n° 61609, 1399-12-19]";14;"Florin duc. au."
"7 MI 3, r. 6 et r. 7, R43";"p. 290 v [n° 61619, 1400-02-15]";16;"franc or"
"7 MI 3, r. 6 et r. 7, R43";"p. 290 v [n° 61620, 1400-02-15]";16;"franc or"
"7 MI 3, r. 6 et r. 7, R43";"p. 290 v [n° 61621, 1400-02-15]";16;"franc or"
"7 MI 3, r. 6 et r. 7, R43";"p. 291 [n° 61624, 1400-02-28]";16;"franc or"
"7 MI 3, r. 6 et r. 7, R43";"p. 294 [n° 61641, 1400-03-23]";18;"écus"
"7 MI 3, r. 6 et r. 7, R43";"p. 296 v [n° 61647, 1400-04-14]";18;"écus"
"7 MI 3, r. 6 et r. 7, R43";"p. 297 v [n° 61659, 1400-04-29]";18;"écus"
"7 MI 3, r. 6 et r. 7, R43";"p. 297 v [n° 61660, 1400-04-12]";18;"écus"
"7 MI 3, r. 6 et r. 7, R43";"p. 297 v [n° 61661, 1400-04-12]";18;"écus"
"7 MI 3, r. 6 et r. 7, R43";"p. 297 v [n° 61662, 1400-04-12]";18;"écus"
"7 MI 3, r. 6 et r. 7, R43";"p. 297 v [n° 61663, 1400-04-14]";18;"écus"
"7 MI 3, r. 6 et r. 7, R43";"p. 297 v [n° 61664, 1400-04-14]";18;"écus"
"7 MI 3, r. 6 et r. 7, R43";"p. 298 [n° 61665, 1400-04-14]";18;"écus"
"7 MI 3, r. 6 et r. 7, R43";"p. 298 [n° 61666, 1400-04-14]";18;"écus"
"7 MI 3, r. 6 et r. 7, R43";"p. 298 [n° 61669, 1400-05-24]";16;"franc or"
"7 MI 3, r. 6 et r. 7, R43";"p. 298 [n° 61670, 1400-05-26]";18;"écus"
"7 MI 3, r. 6 et r. 7, R43";"p. 298 [n° 61671, 1400-05-26]";18;"écus"
"7 MI 3, r. 6 et r. 7, R43";"p. 298 [n° 61672, 1400-06-04]";18;"écus"
"7 MI 3, r. 6 et r. 7, R43";"p. 299 v [n° 61688, 1400-09-08]";16;"franc or"
"7 MI 3, r. 6 et r. 7, R43";"p. 302 v [n° 61698, 1400-04-09]";16;"franc or"
"7 MI 3, r. 6 et r. 7, R43";"p. 303 [n° 61704, 1400-05-02]";18;"écus"
"7 MI 3, r. 6 et r. 7, R43";"p. 303 [n° 61705, 1400-05-02]";16;"franc or"
"7 MI 3, r. 6 et r. 7, R43";"p. 303 v [n° 61707, 1400-05-02]";18;"écus"
"7 MI 3, r. 6 et r. 7, R43";"p. 304 [n° 61714, 1400-04-21]";16;"franc or"
"7 MI 3, r. 6 et r. 7, R43";"p. 304 v [n° 61715, 1400-04-21]";16;"franc or"
"7 MI 3, r. 6 et r. 7, R43";"p. 304 v [n° 61716, 1400-04-21]";16;"franc or"
"7 MI 3, r. 6 et r. 7, R43";"p. 304 v [n° 61717, 1400-04-21]";16;"franc or"
"7 MI 3, r. 6 et r. 7, R43";"p. 311 v [n° 61754, 1400-07-07]";16;"franc or"
"7 MI 3, r. 6 et r. 7, R43";"p. 311 v [n° 61755, 1400-09-04]";16;"franc or"
"7 MI 3, r. 6, 42";"p. 151 [n° 61798, 1396-07-12]";16;"franc or"
"7 MI 3, r. 6, 42";"p. 151 [n° 61799, 1396-07-13]";16;"franc or"
"7 MI 3, r. 6, 42";"p. 153 [n° 61806, 1396-06-14]";16;"franc or"
"7 MI 3, r. 6, 42";"p. 153 [n° 61807, 1396-06-14]";16;"franc or"
"7 MI 3, r. 6, 42";"p. 153 [n° 61808, 1396-07-14]";16;"franc or"
"7 MI 3, r. 6, 42";"p. 153 [n° 61809, 1396-07-14]";16;"franc or"
"7 MI 3, r. 6, 42";"p. 153 [n° 61810, 1396-07-14]";16;"franc or"
"7 MI 3, r. 6, 42";"p. 153 v [n° 61814, 1396-07-15]";16;"franc or"
"7 MI 3, r. 6, 42";"p. 153 v [n° 61816, 1396-07-15]";16;"franc or"
"7 MI 3, r. 6, 42";"p. 154 [n° 61821, 1396-07-15]";16;"franc or"
"7 MI 3, r. 6, 42";"p. 154 [n° 61822, 1396-07-15]";16;"franc or"
"7 MI 3, r. 6, 42";"p. 154 [n° 61825, 1396-07-15]";16;"franc or"
"7 MI 3, r. 6, 42";"p. 154 [n° 61827, 1396-07-15]";16;"franc or"
"7 MI 3, r. 6, 42";"p. 154 [n° 61829, 1396-07-15]";18;"écus"
"7 MI 3, r. 6, 42";"p. 155 [n° 61838, 1396-07-15]";16;"franc or"
"7 MI 3, r. 6, 42";"p. 155 [n° 61839, 1396-07-15]";16;"franc or"
"7 MI 3, r. 6, 42";"p. 160 [n° 61854, 1396-11-15]";16;"franc or"
"7 MI 3, r. 6, 42";"p. 160 [n° 61855, 1396-11-15]";16;"franc or"
"7 MI 3, r. 6, 42";"p. 160 [n° 61856, 1396-11-15]";16;"franc or"
"7 MI 3, r. 6, 42";"p. 160 v [n° 61863, 1396-11-15]";16;"franc or"
"7 MI 3, r. 6, 42";"p. 160 v [n° 61864, 1396-11-15]";16;"franc or"
"7 MI 3, r. 6, 42";"p. 160 v [n° 61865, 1396-11-15]";16;"franc or"
"7 MI 3, r. 6, 42";"p. 160 v [n° 61866, 1396-11-15]";16;"franc or"
"7 MI 3, r. 6, 42";"p. 160 v [n° 61867, 1396-11-15]";16;"franc or"
"7 MI 3, r. 6, 42";"p. 160 v [n° 61868, 1396-11-15]";16;"franc or"
"7 MI 3, r. 6, 42";"p. 160 v [n° 61869, 1396-11-15]";16;"franc or"
"7 MI 3, r. 6, 42";"p. 160 v [n° 61870, 1396-11-15]";16;"franc or"
"7 MI 3, r. 6, 42";"p. 161 [n° 61872, 1396-11-15]";16;"franc or"
"7 MI 3, r. 6, 42";"p. 161 [n° 61873, 1396-11-15]";16;"franc or"
"7 MI 3, r. 6, 42";"p. 161 [n° 61874, 1396-11-15]";16;"franc or"
"7 MI 3, r. 6, 42";"p. 161 [n° 61875, 1396-11-15]";16;"franc or"
"7 MI 3, r. 6, 42";"p. 161 [n° 61876, 1396-11-15]";16;"franc or"
"7 MI 3, r. 6, 42";"p. 161 [n° 61879, 1396-10-15]";16;"franc or"
"7 MI 3, r. 6, 42";"p. 161 [n° 61880, 1396-10-15]";16;"franc or"
"7 MI 3, r. 6, 42";"p. 161 [n° 61881, 1396-10-15]";16;"franc or"
"7 MI 3, r. 6, 42";"p. 161 v [n° 61883, 1396-10-15]";16;"franc or"
"7 MI 3, r. 6, 42";"p. 161 v [n° 61884, 1396-10-15]";16;"franc or"
"7 MI 3, r. 6, 42";"p. 161 v [n° 61885, 1396-10-15]";16;"franc or"
"7 MI 3, r. 6, 42";"p. 161 v [n° 61886, 1396-10-15]";16;"franc or"
"7 MI 3, r. 6, 42";"p. 161 v [n° 61887, 1396-10-15]";16;"franc or"
"7 MI 3, r. 6, 42";"p. 161 v [n° 61888, 1396-10-15]";16;"franc or"
"7 MI 3, r. 6, 42";"p. 161 v [n° 61889, 1396-10-15]";16;"franc or"
"7 MI 3, r. 6, 42";"p. 161 v [n° 61890, 1396-10-15]";16;"franc or"
"7 MI 3, r. 6, 42";"p. 161 v [n° 61891, 1396-10-15]";16;"franc or"
"7 MI 3, r. 6, 42";"p. 161 v [n° 61892, 1396-10-15]";16;"franc or"
"7 MI 3, r. 6, 42";"p. 161 v [n° 61894, 1396-10-15]";16;"franc or"
"7 MI 3, r. 6, 42";"p. 161 v [n° 61895, 1396-10-15]";16;"franc or"
"7 MI 3, r. 6, 42";"p. 162 [n° 61896, 1396-10-15]";16;"franc or"
"7 MI 3, r. 6, 42";"p. 162 [n° 61897, 1396-10-15]";16;"franc or"
"7 MI 3, r. 6, 42";"p. 162 [n° 61898, 1396-10-15]";16;"franc or"
"7 MI 3, r. 6, 42";"p. 162 [n° 61899, 1396-10-15]";16;"franc or"
"7 MI 3, r. 6, 42";"p. 162 [n° 61900, 1396-10-15]";16;"franc or"
"7 MI 3, r. 6, 42";"p. 162 [n° 61901, 1396-10-15]";16;"franc or"
"7 MI 3, r. 6, 42";"p. 162 [n° 61902, 1396-10-15]";16;"franc or"
"7 MI 3, r. 6, 42";"p. 162 [n° 61904, 1396-10-15]";16;"franc or"
"7 MI 3, r. 6, 42";"p. 162 [n° 61905, 1396-10-15]";16;"franc or"
"7 MI 3, r. 6, 42";"p. 162 [n° 61906, 1396-10-15]";16;"franc or"
"7 MI 3, r. 6, 42";"p. 162 [n° 61907, 1396-11-15]";16;"franc or"
"7 MI 3, r. 6, 42";"p. 162 v [n° 61908, 1396-11-15]";16;"franc or"
"7 MI 3, r. 6, 42";"p. 162 v [n° 61909, 1396-11-15]";16;"franc or"
"7 MI 3, r. 6, 42";"p. 162 v [n° 61910, 1396-11-15]";16;"franc or"
"7 MI 3, r. 6, 42";"p. 162 v [n° 61911, 1396-11-15]";16;"franc or"
"7 MI 3, r. 6, 42";"p. 162 v [n° 61912, 1396-11-15]";16;"franc or"
"7 MI 3, r. 6, 42";"p. 162 v [n° 61913, 1396-11-15]";16;"franc or"
"7 MI 3, r. 6, 42";"p. 162 v [n° 61914, 1396-11-15]";16;"franc or"
"7 MI 3, r. 6, 42";"p. 162 v [n° 61915, 1396-11-15]";16;"franc or"
"7 MI 3, r. 6, 42";"p. 163 [n° 61916, 1396-11-15]";16;"franc or"
"7 MI 3, r. 6, 42";"p. 163 [n° 61917, 1396-11-15]";16;"franc or"
"7 MI 3, r. 6, 42";"p. 163 [n° 61918, 1396-11-15]";16;"franc or"
"7 MI 3, r. 6, 42";"p. 163 [n° 61919, 1396-11-15]";16;"franc or"
"7 MI 3, r. 6, 42";"p. 163 [n° 61920, 1396-11-15]";16;"franc or"
"7 MI 3, r. 6, 42";"p. 163 [n° 61921, 1396-11-15]";16;"franc or"
"7 MI 3, r. 6, 42";"p. 163 [n° 61922, 1396-11-15]";16;"franc or"
"7 MI 3, r. 6, 42";"p. 163 [n° 61923, 1396-11-15]";16;"franc or"
"7 MI 3, r. 6, 42";"p. 163 [n° 61924, 1396-11-15]";16;"franc or"
"7 MI 3, r. 6, 42";"p. 163 [n° 61926, 1396-11-15]";16;"franc or"
"7 MI 3, r. 6, 42";"p. 163 [n° 61927, 1396-11-15]";16;"franc or"
"7 MI 3, r. 6, 42";"p. 163 v [n° 61928, 1396-11-15]";16;"franc or"
"7 MI 3, r. 6, 42";"p. 163 v [n° 61930, 1396-11-15]";16;"franc or"
"7 MI 3, r. 6, 42";"p. 163 v [n° 61933, 1396-11-15]";18;"franc or"
"7 MI 3, r. 6, 42";"p. 163 v [n° 61934, 1396-11-15]";16;"franc or"
"7 MI 3, r. 6, 42";"p. 163 v [n° 61936, 1396-11-15]";16;"franc or"
"7 MI 3, r. 6, 42";"p. 163 v [n° 61937, 1396-11-15]";16;"franc or"
"7 MI 3, r. 6, 42";"p. 163 v [n° 61938, 1396-12-20]";16;"franc or"
"7 MI 3, r. 6, 42";"p. 164 [n° 61939, 1396-04-17]";16;"franc or"
"7 MI 3, r. 6, 42";"p. 164 [n° 61940, 1397-01-29]";16;"franc or"
"7 MI 3, r. 6, 42";"p. 164 [n° 61941, 1397-01-29]";16;"franc or"
"7 MI 3, r. 6, 42";"p. 164 [n° 61942, 1397-01-29]";16;"franc or"
"7 MI 3, r. 6, 42";"p. 164 [n° 61943, 1397-01-29]";16;"franc or"
"7 MI 3, r. 6, 42";"p. 164 [n° 61944, 1397-01-29]";16;"franc or"
"7 MI 3, r. 6, 42";"p. 164 [n° 61945, 1397-01-29]";16;"franc or"
"7 MI 3, r. 6, 42";"p. 164 [n° 61946, 1397-01-29]";16;"franc or"
"7 MI 3, r. 6, 42";"p. 164 v [n° 61947, 1396-12-06]";16;"franc or"
"7 MI 3, r. 6, 42";"p. 164 v [n° 61948, 1396-12-06]";16;"franc or"
"7 MI 3, r. 6, 42";"p. 168 [n° 61957, 1397-02-21]";16;"franc or"
"7 MI 3, r. 6, 42";"p. 173 [n° 61974, 1397-08-15]";16;"franc or"
"7 MI 3, r. 6, 42";"p. 173 v [n° 61975, 1397-03-08]";16;"franc or"
"7 MI 3, r. 6, 42";"p. 173 v [n° 61976, 1397-08-08]";16;"franc or"
"7 MI 3, r. 6, 42";"p. 173 v [n° 61977, 1397-08-08]";16;"franc or"
"7 MI 3, r. 6, 42";"p. 174 v [n° 61981, pas de date]";16;"franc or"
"7 MI 3, r. 6, 42";"p. 175 [n° 61988, 1397-07-27]";16;"franc or"
"7 MI 3, r. 6, 42";"p. 175 [n° 61989, 1397-07-27]";16;"franc or"
"7 MI 3, r. 6, 42";"p. 175 v [n° 61991, 1397-07-27]";16;"franc or"
"7 MI 3, r. 6, 42";"p. 188 [n° 62034, 1398-03-19]";16;"franc or"
"7 MI 3, r. 6, 42";"p. 190 [n° 62039, 1398-01-15]";16;"franc or"
"7 MI 3, r. 6, 42";"p. 190 [n° 62040, 1398-01-15]";16;"franc or"
"7 MI 3, r. 6, 42";"p. 190 [n° 62041, 1398-01-15]";16;"franc or"
"7 MI 3, r. 6, 42";"p. 190 [n° 62042, 1398-01-15]";16;"franc or"
"7 MI 3, r. 6, 42";"p. 190 [n° 62043, 1398-01-15]";16;"franc or"
"7 MI 3, r. 6, 42";"p. 190 v [n° 62045, 1398-01-15]";16;"franc or"
"7 MI 3, r. 6, 42";"p. 190 v [n° 62047, pas de date]";16;"franc or"
"7 MI 3, r. 6, 42";"p. 190 v [n° 62048, 1398-03-11]";16;"franc or"
"7 MI 3, r. 6, 42";"p. 190 v [n° 62049, 1398-03-11]";16;"franc or"
"7 MI 3, r. 6, 42";"p. 191 [n° 62052, 1398-03-11]";16;"franc or"
"7 MI 3, r. 6, 42";"p. 191 [n° 62053, 1398-03-11]";16;"franc or"
"7 MI 3, r. 6, 42";"p. 191 [n° 62054, 1398-03-11]";16;"franc or"
"7 MI 3, r. 6, 42";"p. 191 [n° 62055, 1398-03-11]";16;"franc or"
"7 MI 3, r. 6, 42";"p. 191 [n° 62056, 1398-03-11]";16;"franc or"
"7 MI 3, r. 6, 42";"p. 191 [n° 62057, 1398-03-11]";16;"franc or"
"7 MI 3, r. 6, 42";"p. 191 [n° 62058, 1398-03-11]";16;"franc or"
"7 MI 3, r. 6, 42";"p. 191 [n° 62059, 1398-03-11]";16;"franc or"
"7 MI 3, r. 6, 42";"p. 191 [n° 62060, 1398-03-11]";16;"franc or"
"7 MI 3, r. 6, 42";"p. 191 v [n° 62061, 1398-03-11]";16;"franc or"
"7 MI 3, r. 6, 42";"p. 191v [n° 62062, 1398-03-11]";16;"franc or"
"7 MI 3, r. 6, 42";"p. 191 v [n° 62063, 1398-03-11]";16;"franc or"
"7 MI 3, r. 6, 42";"p. 191v [n° 62064, 1398-03-11]";16;"franc or"
"7 MI 3, r. 6, 42";"p. 191v [n° 62066, 1398-03-11]";16;"franc or"
"7 MI 3, r. 6, 42";"p. 191v [n° 62067, 1397-12-18]";16;"franc or"
"7 MI 3, r. 6, 42";"p. 191v [n° 62068, 1397-12-12]";16;"franc or"
"7 MI 3, r. 6, 42";"p. 192 [n° 62069, 1397-12-12]";16;"franc or"
"7 MI 3, r. 6, 42";"p. 192 [n° 62070, 1397-12-12]";16;"franc or"
"7 MI 3, r. 6, 42";"p. 192 [n° 62071, 1397-12-12]";16;"franc or"
"7 MI 3, r. 6, 42";"p. 192 [n° 62072, 1397-12-12]";16;"franc or"
"7 MI 3, r. 6, 42";"p. 192 [n° 62073, 1397-12-12]";16;"franc or"
"7 MI 3, r. 6, 42";"p. 192 v [n° 62075, 1397-04-01]";16;"franc or"
"7 MI 3, r. 6, 42";"p. 193 [n° 62076, 1397-04-01]";16;"franc or"
"7 MI 3, r. 6, 42";"p. 193 [n° 62077, 1397-04-01]";16;"franc or"
"7 MI 3, r. 6, 42";"p. 193 [n° 62078, 1397-04-01]";16;"franc or"
"7 MI 3, r. 6, 42";"p. 193 [n° 62079, 1397-04-01]";16;"franc or"
"7 MI 3, r. 6, 42";"p. 193 [n° 62080, 1397-04-01]";16;"franc or"
"7 MI 3, r. 6, 42";"p. 193 [n° 62082, 1397-04-01]";16;"franc or"
"7 MI 3, r. 6, 42";"p. 193 [n° 62083, 1397-04-01]";16;"franc or"
"7 MI 3, r. 6, 42";"p. 193 [n° 62084, 1397-04-01]";16;"franc or"
"7 MI 3, r. 6, 42";"p. 193 v [n° 62085, 1397-11-10]";16;"franc or"
"7 MI 3, r. 6, 42";"p. 193 v [n° 62086, 1397-11-10]";16;"franc or"
"7 MI 3, r. 6, 42";"p. 193 v [n° 62087, 1397-11-28]";16;"franc or"
"7 MI 3, r. 6, 42";"p. 193 v [n° 62088, 1398-01-27]";16;"franc or"
"7 MI 3, r. 6, 42";"p. 193 v [n° 62089, 1398-01-27]";16;"franc or"
"7 MI 3, r. 6, 42";"p. 193 v [n° 62090, 1398-01-27]";16;"franc or"
"7 MI 3, r. 6, 42";"p. 193 v [n° 62091, 1398-01-27]";16;"franc or"
"7 MI 3, r. 6, 42";"p. 193 v [n° 62093, 1398-01-27]";16;"franc or"
"7 MI 3, r. 6, 42";"p. 194 [n° 62094, 1398-01-27]";16;"franc or"
"7 MI 3, r. 6, 42";"p. 194 [n° 62095, 1398-01-27]";16;"franc or"
"7 MI 3, r. 6, 42";"p. 194 [n° 62096, 1398-01-27]";16;"franc or"
"7 MI 3, r. 6, 42";"p. 194 [n° 62097, 1398-01-27]";16;"franc or"
"7 MI 3, r. 6, 42";"p. 194 [n° 62098, 1398-01-27]";16;"franc or"
"7 MI 3, r. 6, 42";"p. 194 [n° 62099, 1398-01-27]";16;"franc or"
"7 MI 3, r. 6, 42";"p. 194 [n° 62100, 1398-01-27]";16;"franc or"
"7 MI 3, r. 6, 42";"p. 194 [n° 62101, 1398-01-27]";16;"franc or"
"7 MI 3, r. 6, 42";"p. 194 [n° 62102, 1398-01-27]";16;"franc or"
"7 MI 3, r. 6, 42";"p. 194 [n° 62103, 1398-01-27]";16;"franc or"
"7 MI 3, r. 6, 42";"p. 194 [n° 62104, 1398-01-27]";16;"franc or"
"7 MI 3, r. 6, 42";"p. 194 v [n° 62105, 1398-01-27]";16;"franc or"
"7 MI 3, r. 6, 42";"p. 194 v [n° 62106, 1398-01-27]";16;"franc or"
"7 MI 3, r. 6, 42";"p. 197 v [n° 62107, 1397-11-11]";16;"franc or"
"7 MI 3, r. 6, 42";"p. 197 v [n° 62108, 1397-11-11]";16;"franc or"
"7 MI 3, r. 6, 42";"p. 197 v [n° 62109, 1397-11-11]";16;"franc or"
"7 MI 3, r. 6, 42";"p. 197 v [n° 62110, 1397-11-11]";16;"franc or"
"7 MI 3, r. 6, 42";"p. 197 v [n° 62111, 1397-11-11]";16;"franc or"
"7 MI 3, r. 6, 42";"p. 197 v [n° 62112, 1397-11-11]";16;"franc or"
"7 MI 3, r. 6, 42";"p. 197 v [n° 62113, 1397-11-11]";16;"franc or"
"7 MI 3, r. 6, 42";"p. 198 [n° 62114, 1397-11-25]";16;"franc or"
"7 MI 3, r. 6, 42";"p. 198 [n° 62115, 1397-11-25]";16;"franc or"
"7 MI 3, r. 6, 42";"p. 198 [n° 62117, 1397-11-25]";16;"franc or"
"7 MI 3, r. 6, 42";"p. 198 [n° 62118, 1397-11-25]";16;"franc or"
"7 MI 3, r. 6, 42";"p. 198 [n° 62119, 1397-11-25]";16;"franc or"
"7 MI 3, r. 6, 42";"p. 198 [n° 62120, 1397-11-25]";16;"franc or"
"7 MI 3, r. 6, 42";"p. 198 v [n° 62123, 1397-11-25]";16;"franc or"
"7 MI 3, r. 6, 42";"p. 198 v [n° 62124, 1397-11-25]";16;"franc or"
"7 MI 3, r. 6, 42";"p. 198 v [n° 62125, 1397-11-28]";16;"franc or"
"7 MI 3, r. 6, 42";"p. 198 v [n° 62126, 1397-11-27]";16;"franc or"
"7 MI 3, r. 6, 42";"p. 198 v [n° 62127, 1397-11-27]";16;"franc or"
"7 MI 3, r. 6, 42";"p. 202 v [n° 62136, 1398-04-25]";15;"franc or"
"7 MI 3, r. 6, 42";"p. 203 [n° 62138, 1397-01-15]";16;"franc or"
"7 MI 3, r. 6, 42";"p. 203 v [n° 62139, 1398-04-28]";16;"franc or"
"7 MI 3, r. 6, 42";"p. 204 [n° 62140, 1398-04-28]";16;"franc or"
"7 MI 3, r. 6, 42";"p. 204 [n° 62141, 1398-04-28]";16;"franc or"
"7 MI 3, r. 6, 42";"p. 204 v [n° 62143, 1398-04-28]";16;"franc or"
"7 MI 3, r. 6, 42";"p. 204 [n° 62144, 1398-04-28]";16;"franc or"
"7 MI 3, r. 6, 42";"p. 204 [n° 62145, 1398-04-28]";16;"franc or"
"7 MI 3, r. 6, 42";"p. 204 [n° 62146, 1398-04-28]";16;"franc or"
"7 MI 3, r. 6, 42";"p. 204 [n° 62147, 1398-04-28]";16;"franc or"
"7 MI 3, r. 6, 42";"p. 20528/04/1398 [n° 62148, 1398-03-16]";16;"franc or"
"7 MI 3, r. 6, 42";"p. 205 [n° 62149, 1398-03-16]";16;"franc or"
"7 MI 3, r. 6, 42";"p. 205 [n° 62150, 1398-03-16]";16;"franc or"
"7 MI 3, r. 6, 42";"p. 205 [n° 62151, 1398-04-13]";16;"franc or"
"7 MI 3, r. 6, 42";"p. 205 [n° 62152, 1398-04-13]";16;"franc or"
"7 MI 3, r. 6, 42";"p. 205 [n° 62153, 1398-04-13]";16;"franc or"
"7 MI 3, r. 6, 42";"p. 206 [n° 62155, 1398-05-13]";16;"franc or"
"7 MI 3, r. 9 et r. 10, 46";"p. 82 [n° 62173, 1402-03-22]";16;"franc or"
"7 MI 3, r. 9 et r. 10, 46";"p. 83 [n° 62176, 1402-02-09]";16;"franc or"
"7 MI 3, r. 9 et r. 10, 46";"p. 83 [n° 62177, 1401-03-22]";16;"franc or"
"7 MI 3, r. 9 et r. 10, 46";"p. 83 [n° 62178, 1402-04-16]";16;"franc or"
"7 MI 3, r. 9 et r. 10, 46";"p. 83 [n° 62179, 1401-03-22]";16;"franc or"
"7 MI 3, r. 9 et r. 10, 46";"p. 86 [n° 62182, 1402-06-27]";16;"franc or"
"7 MI 3, r. 9 et r. 10, 46";"p. 102 [n° 62184, 1401-04-06]";18;"écus"
"7 MI 3, r. 9 et r. 10, 46";"p. 102 v [n° 62186, 1401-04-26]";18;"écus"
"7 MI 3, r. 9 et r. 10, 46";"p. 103 [n° 62188, 1401-04-28]";16;"franc or"
"7 MI 3, r. 9 et r. 10, 46";"p. 103 v [n° 62189, 1401-06-03]";18;"écus"
"7 MI 3, r. 9 et r. 10, 46";"p. 103 v [n° 62190, 1401-06-03]";16;"franc or"
"7 MI 3, r. 9 et r. 10, 46";"p. 103 v [n° 62191, 1401-06-03]";18;"écus"
"7 MI 3, r. 9 et r. 10, 46";"p. 103 v [n° 62192, 1401-06-03]";16;"franc or"
"7 MI 3, r. 9 et r. 10, 46";"p. 103 v [n° 62193, 1401-06-05]";16;"franc or"
"7 MI 3, r. 9 et r. 10, 46";"p. 104 [n° 62195, 1401-06-15]";16;"franc or"
"7 MI 3, r. 9 et r. 10, 46";"p. 104 [n° 62196, 1401-06-15]";18;"écus"
"7 MI 3, r. 9 et r. 10, 46";"p. 106 [n° 62214, 1401-10-25]";16;"franc or"
"7 MI 3, r. 9 et r. 10, 46";"p. 108 [n° 62235, 1401-12-20]";15;"franc or"
"7 MI 3, r. 9 et r. 10, 46";"p. 109 [n° 62239, 1402-01-13]";18;"écus"
"7 MI 3, r. 9 et r. 10, 46";"p. 109 [n° 62240, 1402-01-16]";16;"franc or"
"7 MI 3, r. 9 et r. 10, 46";"p. 109 v [n° 62241, 1402-01-20]";18;"écus"
"7 MI 3, r. 9 et r. 10, 46";"p. 112 [n° 62252, 1402-02-18]";18;"écus"
"7 MI 3, r. 9 et r. 10, 46";"p. 112 v [n° 62254, 1402-03-02]";15;"franc or"
"7 MI 3, r. 9 et r. 10, 46";"p. 113 v [n° 62263, 1402-04-05]";18;"écus"
"7 MI 3, r. 9 et r. 10, 46";"p. 114 [n° 62267, 1402-04-17]";16;"franc or"
"7 MI 3, r. 9 et r. 10, 46";"p. 114 v [n° 62269, 1402-04-23]";18;"écus"
"7 MI 3, r. 9 et r. 10, 46";"p. 115 v [n° 62280, 1402-05-20]";18;"écus"
"7 MI 3, r. 9 et r. 10, 46";"p. 116 v [n° 62287, 1402-05-30]";18;"écus"
"7 MI 3, r. 9 et r. 10, 46";"p. 116 v [n° 62289, 1402-06-02]";18;"écus"
"7 MI 3, r. 9 et r. 10, 46";"p. 117 [n° 62290, 1402-06-03]";18;"écus"
"7 MI 3, r. 9 et r. 10, 46";"p. 117 [n° 62291, 1402-06-05]";18;"écus"
"7 MI 3, r. 9 et r. 10, 46";"p. 118 v [n° 62297, 1402-07-15]";16;"franc or"
"7 MI 3, r. 9 et r. 10, 46";"p. 132 [n° 62304, 1402-04-16]";16;"franc or"
"7 MI 3, r. 9 et r. 10, 46";"p. 136 v [n° 62307, 1402-08-17]";15;"franc or"
"7 MI 3, r. 9, 45";"p. 57 [n° 62310, 1398-11-26]";16;"franc or"
"7 MI 3, r. 9, 45";"p. 66 v [n° 62311, 1400-10-31]";16;"franc or"
"7 MI 3, r. 9, 45";"p. 80 [n° 62312, 1401-02-04]";16;"franc or"
"7 MI 3, r. 9, 45";"p. 90 v [n° 62325, 1401-02-02]";16;"franc or"
"7 MI 3, r. 9, 45";"p. 98 [n° 62350, 1400-11-19]";15;"franc or"
"7 MI 3, r. 9, 45";"p. 99 [n° 62357, 1400-12-02]";15;"franc or"
"7 MI 3, r. 9, 45";"p. 99 v [n° 62358, 1400-12-02]";15;"franc or"
"7 MI 3, r. 9, 45";"p. 100 [n° 62364, 1400-12-15]";16;"franc or"
"7 MI 3, r. 9, 45";"p. 103 v [n° 62376, 1401-01-31]";15;"franc or"
